{"cameraMode":{"drawMode":0,"name":"Shaded","section":"Shading Mode"},"sceneLighting":true,"audioPlay":false,"sceneViewState":{"showFog":true,"showMaterialUpdate":false,"showSkybox":true,"showFlares":true,"showImageEffects":true,"showParticleSystems":true},"in2DMode":false,"pivot":{"x":11.755715370178223,"y":-5.858521938323975,"z":-4.907636642456055},"rotation":{"x":-0.32857146859169009,"y":-0.010771877132356167,"z":0.0037464273627847435,"w":-0.9444102644920349},"size":156.63229370117188,"orthographic":false}